snp, same_as_ref, mutated
G15451A,2392,2546
C3037T,6816,31551
C15240T,19532,21449
C19220T,21898,26411
C21618G,7253,34239
G21987A,4046,29274
C22995A,35336,57288
A23040G,9703,12123
C23525T,8329,11187
C23604A,1049,5444
C24130A,298,482
A28271T,31930,73527
G28881A,12647,42516
C10029T,8021,32209
T22917G,37490,60131
C241T,4271,37651
C7124T,8825,10279
C7392T,37811,51197
C21846T,2265,2624
A23013C,1364,1680
G23048A,770,868
A23055G,2406,2804
T23599G,1737,2260
C23854A,145,163
G23948T,2931,3578
A24424T,1425,1702
C26270T,6545,8005
C14408T,92976,109811
G17567A,9170,10433
G9053T,7634,8997
A11537G,10930,13022
G28883C,3782,4885
C17845T,5109,5768
G28882A,3269,5214
C8986T,2945,3303
C25000T,72,81
G210T,1361,1591
G4181T,3351,3933
C23604G,696,3713
A11201G,4393,5041
C7389T,1351,1756
A23403G,184,1035
G24410A,400,451
T23075C,2409,2799
G8393A,535,586
G24057A,23,26
C25132T,69,82
A2832G,211,232
T13195C,203,245
T724A,97,137
A23063T,699,838
G22661A,1377,1554
A18163G,547,647
T456C,19,26
C25469T,411,483
C23202A,66,83
G10488A,24,28
C10449A,246,303
G11150A,96,109
A454G,314,373
G21224A,41,42
A28461G,950,1034
A11332G,25,29
T25119C,25,27
C22251T,33,34
